Old / current WordPress path,GitHub prototype file,Action
/mazda-cx3-towbars-for-sale/,mazda-cx3-towbars-for-sale.html,Preserve legacy slug at production launch
/mazda-cx5-towbars-for-sale/,mazda-cx5-towbars-for-sale.html,Preserve legacy slug at production launch
/mazda-cx9-towbars-for-sale/,mazda-cx9-towbars-for-sale.html,Preserve legacy slug at production launch
/mazda-2-towbars-for-sale/,mazda-2-towbars-for-sale.html,Preserve legacy slug at production launch
/mazda-3-towbars-for-sale/,mazda-3-towbars-for-sale.html,Preserve legacy slug at production launch
/mazda-6-towbars-for-sale/,mazda-6-towbars-for-sale.html,Preserve legacy slug at production launch
/mitsubishi-asx-towbar-for-sale/,mitsubishi-asx-towbar-for-sale.html,Preserve legacy slug at production launch
/toyota-aurion-towbars-for-sale/,toyota-aurion-towbars-for-sale.html,Preserve legacy slug at production launch
/toyota-corolla-towbars-for-sale/,toyota-corolla-towbars-for-sale.html,Preserve legacy slug at production launch
/toyota-hiace-towbars-for-sale/,toyota-hiace-towbars-for-sale.html,Preserve legacy slug at production launch
/toyota-kluger-towbars-for-sale/,toyota-kluger-towbars-for-sale.html,Preserve legacy slug at production launch
/toyota-prado-towbars-for-sale/,toyota-prado-towbars-for-sale.html,Preserve legacy slug at production launch
(new page),toyota-hilux-towbar.html,Review before production
(new page),toyota-camry-towbar.html,Review before production
(new page),toyota-tarago-towbar.html,Review before production
(new page),mazda-bt-50-towbar.html,Review before production
(new page),mazda-mx-5-towbar.html,Review before production
(new page),mitsubishi-triton-towbar.html,Review before production
(new page),mitsubishi-pajero-sport-towbar.html,Review before production
(new page),mitsubishi-outlander-towbar.html,Review before production
(new page),mitsubishi-mirage-towbar.html,Review before production
(new page),mitsubishi-lancer-towbar.html,Review before production
(new page),ford-ranger-towbar.html,Review before production
(new page),ford-territory-towbar.html,Review before production
(new page),ford-transit-custom-towbar.html,Review before production
(new page),ford-everest-towbar.html,Review before production
(new page),ford-mondeo-towbar.html,Review before production
(new page),ford-kuga-towbar.html,Review before production
(new page),volkswagen-tiguan-towbar.html,Review before production
(new page),volkswagen-polo-towbar.html,Review before production
(new page),volkswagen-golf-towbar.html,Review before production
(new page),subaru-forester-towbar.html,Review before production
(new page),subaru-wrx-towbar.html,Review before production
(new page),subaru-impreza-towbar.html,Review before production
(new page),subaru-liberty-towbar.html,Review before production
(new page),subaru-xv-towbar.html,Review before production
(new page),audi-a3-towbar.html,Review before production
(new page),audi-a4-towbar.html,Review before production
(new page),audi-a5-towbar.html,Review before production
(new page),audi-q3-towbar.html,Review before production
(new page),audi-q5-towbar.html,Review before production
(new page),audi-allroad-towbar.html,Review before production
(new page),nissan-x-trail-towbar.html,Review before production
(new page),nissan-navara-towbar.html,Review before production
(new page),nissan-dualis-towbar.html,Review before production
(new page),nissan-qashqai-towbar.html,Review before production
(new page),nissan-pulsar-towbar.html,Review before production
(new page),nissan-elgrand-towbar.html,Review before production
(new page),nissan-juke-towbar.html,Review before production
(new page),nissan-t31-towbar.html,Review before production
(new page),hyundai-iload-towbar.html,Review before production
(new page),hyundai-i20-towbar.html,Review before production
(new page),hyundai-i30-towbar.html,Review before production
(new page),hyundai-elantra-towbar.html,Review before production
(new page),hyundai-tucson-towbar.html,Review before production
(new page),hyundai-santa-fe-towbar.html,Review before production
(new page),hyundai-ix35-towbar.html,Review before production
(new page),porsche-macan-towbar.html,Review before production
(new page),porsche-cayenne-towbar.html,Review before production
(new page),mercedes-benz-ml-towbar.html,Review before production
(new page),mercedes-benz-sprinter-towbar.html,Review before production
(new page),mercedes-benz-vito-towbar.html,Review before production